{
  "num_points": 28,
  "position": {
    "rotation_matrix": [
      [
        -0.9098786725701501,
        0.08921909355781842,
        -0.4051675635421749
      ],
      [
        0.41474594920907354,
        0.21991355018913325,
        -0.8829630955243132
      ],
      [
        0.010324670292356513,
        -0.9714308950141194,
        -0.23709790677148815
      ]
    ],
    "translation_vector": [
      0.334044870521091,
      0.2699892735598733,
      0.10082964627057546
    ],
    "mean_error_mm": 30.433637228298096,
    "max_error_mm": 145.55104286696323,
    "std_error_mm": 37.85129486088901
  },
  "rotation": {
    "angle_offset_rad": 0.22514339034189196,
    "angle_offset_deg": 12.89976605185687,
    "mean_error_deg": 42.86651537057095,
    "max_error_deg": 101.00709078295128,
    "std_error_deg": 29.498864335164292,
    "j3_span_deg": 124.49806976318361
  }
}